{"schemaVersion":"1.0","appDefinitionTemplate":{"id":"/providers/Microsoft.PowerApps/apps/","type":"Microsoft.PowerApps/apps","tags":{"primaryDeviceWidth":"640","primaryDeviceHeight":"1136","supportsPortrait":"true","supportsLandscape":"true","primaryFormFactor":"Phone","showStatusBar":"false","publisherVersion":"3.24121.8","minimumRequiredApiVersion":"2.2.0","hasComponent":"false","hasUnlockedComponent":"false","isUnifiedRootApp":"false","sienaVersion":"20241209T195959Z-3.24121.8.0"},"properties":{"appVersion":"2024-12-09T19:59:59Z","lifeCycleId":"Published","createdByClientVersion":{"major":3,"minor":24121,"build":8,"revision":0,"majorRevision":0,"minorRevision":0},"minClientVersion":{"major":3,"minor":24121,"build":8,"revision":0,"majorRevision":0,"minorRevision":0},"backgroundColor":"RGBA(0,176,240,1)","backgroundImageUri":"/15028856449456963848/Ncb01dc35-22b4-4cf5-a8ad-d7a272be8d49-logoSmallFile","displayName":"Ecomerce","description":"","commitMessage":"","appUris":{"documentUri":{"value":"/15028856449456963848/N439eff77-a88e-407c-ba3e-c1b6ddf48685-document.msapp"},"imageUris":[],"additionalUris":[{"isSolutionAware":false,"value":"/15028856449456963848/N3dedecdf-31f3-4f43-aeee-8c96121272f8-identity.json"}]},"createdTime":"0001-01-01T00:00:00Z","lastModifiedTime":"0001-01-01T00:00:00Z","sharedGroupsCount":0,"sharedUsersCount":0,"connectionReferences":{"7cdfd2d7-2691-46c3-ae7c-cedebde96780":{"id":"6559b0ee-61d7-465b-92b7-dc3bafa136b3","displayName":"SQL Server","runtimePolicyName":"20636c97-6dbb-4a65-a8b5-0ec57ce06109","executionRestrictions":{"version":2,"modifiedOn":"2024-12-09 19:59:34","appVer":"3.24121.8","apiId":"/providers/microsoft.powerapps/apis/shared_sql","apiVer":2,"policy":"{\"tabularActions\":{\"productos\":[\"post\",\"patch\",\"get\"]},\"serviceActions\":[]}"},"iconUri":"https://connectoricons-prod.azureedge.net/releases/v1.0.1715/1.0.1715.3906/sql/icon.png","dataSources":["Productos"],"dependencies":[],"dependents":[],"parameterHints":{},"parameterHintsV2":{},"isOnPremiseConnection":false,"sharedConnectionId":"817809d6-b103-4ac0-b790-fdbd440e1f53","bypassConsent":false,"dataSets":{"powerappsecomerce.database.windows.net,poweorappsecomerce":{"dataSources":{"Productos":{"tableName":"Productos"}}}},"apiTier":"Premium","isCustomApiConnection":false,"authenticationType":"sqlAuthentication","actions":["providers/PowerPlatform.Governance/Operations/Read","providers/PowerPlatform.Governance/Operations/Write"],"endpoints":["powerappsecomerce.database.windows.net,poweorappsecomerce"]}},"databaseReferences":{},"almMode":"Environment","performanceOptimizationEnabled":false,"canConsumeAppPass":false,"enableModernRuntimeMode":false,"executionRestrictions":{"isTeamsOnly":false,"dataLossPreventionEvaluationResult":{"status":"Compliant","lastEvaluationDate":"2024-12-09T20:00:02.9239083Z","violations":[],"violationsByPolicy":[],"violationErrorMessage":"The app uses the following connectors: shared_sql."}}},"appType":"ClassicCanvasApp","appComponents":[]}}